support,itemsets
0.937984496124031,frozenset({'STL312DE'})
0.046511627906976744,frozenset({'STL334EN'})
0.015503875968992248,frozenset({'AU449EN'})
